Count,Per Function|Final State (Variable Evaluations) (Solutions Found)|,Expected Results,Variable Count,Clause Count,File Location,Result,Solution Count,Compile Time,Analyze Time,Solve Time,Output Time,Clean Time,Total Time
1,|2 (33) (1)|,1,20,90,data\uf20\uf20-01.cnf,(TRUE),1,0.0233803,2e-06,4.94799,0.0003043,0.000427,5.00949
2,|2 (34) (1)|,1,20,91,data\uf20\uf20-02.cnf,(TRUE),1,0.0235503,1.9e-06,5.00007,0.0002932,0.0004556,5.0629
3,|2 (27) (1)|,1,20,91,data\uf20\uf20-03.cnf,(TRUE),1,0.0233946,1.8e-06,3.5854,0.0003118,0.0004562,3.64772
4,|2 (19) (1)|,1,20,91,data\uf20\uf20-04.cnf,(TRUE),1,0.0414398,2e-06,2.43297,0.0003039,0.0004627,2.51342
5,|2 (20) (1)|,1,20,91,data\uf20\uf20-05.cnf,(TRUE),1,0.0280659,2.5e-06,2.71106,0.0003042,0.0004503,2.77821
1,|2 (133) (1)|,1,50,218,data\uf50\uf50-01.cnf,(TRUE),1,0.101158,2e-06,105.151,0.0006539,0.0010632,105.396
