Count,Expected Results,Variable Count,Clause Count,File Location,Result,Solution Count,Compile Time,Analyze Time,Solve Time,Output Time,Clean Time,Total Time
1,1,3,7,data\Input.txt,(FALSE),0,0.0011315,2.1e-06,0.0284982,0.000276,0.0001023,0.0328036
2,1,4,8,data\Input.txt,(TRUE),1,0.0014819,2.2e-06,0.0887166,0.0003055,0.0001269,0.0953245
3,1,4,10,data\Input.txt,(FALSE),0,0.0018927,2.5e-06,0.217709,0.0002788,0.0001437,0.225992
4,1,4,11,data\Input.txt,(FALSE),0,0.0019854,2.2e-06,0.200088,0.0003194,0.0001383,0.209171
5,1,4,16,data\Input.txt,(TRUE),1,0.0031085,3.5e-06,0.270817,0.0003286,0.0001785,0.285006
6,1,2,1,data\Input.txt,(TRUE),1,0.0001828,2.1e-06,0.001639,0.0001512,5.36e-05,0.0026349
7,1,4,3,data\Input.txt,(TRUE),1,0.0003147,2e-06,0.0239124,0.0003385,0.0001178,0.0259462
8,1,4,4,data\Input.txt,(TRUE),1,0.0004372,2.6e-06,0.0578027,0.0003055,9.51e-05,0.0602023
