Count,Expected Results,Variable Count,Clause Count,File Location,Result,Solution Count,Compile Time,Analyze Time,Solve Time,Output Time,Clean Time,Total Time
1,1,3,7,data\Input.txt,(FALSE),0,0.0011531,1e-05,0.033141,0.0002666,9.77e-05,0.0375258
2,1,4,8,data\Input.txt,(TRUE),1,0.001483,2.2e-06,0.0861693,0.0002749,0.0001238,0.0927467
3,1,4,10,data\Input.txt,(FALSE),0,0.0018646,2.1e-06,0.179681,0.0002684,0.0001515,0.1879
4,1,4,11,data\Input.txt,(FALSE),0,0.0019722,2.1e-06,0.19921,0.0002899,0.0001469,0.208383
5,1,4,16,data\Input.txt,(TRUE),1,0.0030851,3.5e-06,0.299532,0.0003081,0.0001718,0.313969
6,1,2,1,data\Input.txt,(TRUE),1,0.0001779,2.1e-06,0.0014074,0.0001468,5.37e-05,0.0023843
