Count,Expected Results,Variable Count,Clause Count,File Location,Result,Solution Count,Compile Time,Analyze Time,Solve Time,Output Time,Clean Time,Total Time
1,1,3,7,data\Input.txt,(FALSE),0,0.0012331,1.75e-05,0.0281707,0.0002722,0.0001006,0.0356411
2,1,4,8,data\Input.txt,(TRUE),1,0.0014506,2.5e-06,0.0938646,0.0003166,0.0001231,0.100411
3,1,4,10,data\Input.txt,(FALSE),0,0.0018833,3.3e-06,0.178145,0.0010141,0.0001534,0.18709
4,1,4,11,data\Input.txt,(FALSE),0,0.0019348,2.2e-06,0.189223,0.0003968,0.0001653,0.1983
5,1,4,16,data\Input.txt,(TRUE),1,0.003098,2.7e-06,0.258747,0.0004457,0.0001716,0.273153
6,1,2,1,data\Input.txt,(TRUE),1,0.0002009,2e-06,0.0013923,0.000147,6.18e-05,0.0024032
