Count,Expected Results,Variable Count,Clause Count,File Location,Result,Solution Count,Compile Time,Analyze Time,Solve Time,Output Time,Clean Time,Total Time
1,1,3,7,data\Input.txt,(FALSE),0,0.0001504,5e-07,0.0344595,0.0002538,0.0255957,0.0610431
2,1,4,8,data\Input.txt,(TRUE),1,5.17e-05,5e-07,0.0277212,0.0002776,0.0286058,0.0569047
3,1,4,10,data\Input.txt,(FALSE),0,4.53e-05,5e-07,0.0281854,0.0002928,0.02565,0.0544072
4,1,4,11,data\Input.txt,(FALSE),0,4.7e-05,5e-07,0.0268965,0.0002803,0.0257997,0.0532528
5,1,4,16,data\Input.txt,(TRUE),1,5.75e-05,5e-07,0.0264763,0.0002615,0.0255501,0.052569
6,1,2,1,data\Input.txt,(TRUE),1,1.39e-05,5e-07,0.025866,0.000271,0.0250577,0.0514373
