Count,Expected Results,Variable Count,Clause Count,File Location,Result,Solution Count,Compile Time,Analyze Time,Solve Time,Output Time,Clean Time,Total Time
1,1,3,7,data\Input.txt,(FALSE),0,0.0011469,2.92e-05,0.0283059,0.0260678,0.0001148,0.0585678
2,1,4,8,data\Input.txt,(FALSE),0,0.0014851,2.1e-06,2113.22,0.0004466,0.0001477,2113.23
3,1,4,10,data\Input.txt,(FALSE),0,0.0018908,2.5e-06,0.173455,0.0002443,0.0001296,0.181771
4,1,4,11,data\Input.txt,(FALSE),0,0.0019612,2e-06,0.186666,0.0002397,0.0001323,0.195604
5,1,4,16,data\Input.txt,(FALSE),0,0.0031569,2.1e-06,0.245292,0.0002615,0.0001432,0.259142
6,1,2,1,data\Input.txt,(FALSE),0,0.0001844,1.8e-06,0.0013231,0.0001284,5.04e-05,0.0022692
